source_path,source_type,property,guid
"41cba86cf8bae97448ca454ab3c6ec46.unity",".unity","noiseTexture","91f241211b06e4541b59b2bd6d8fda87"
"427872b136b426d43abbb4b07f3dc390.unity",".unity","noiseTexture","04523a094ea0ffb46ab877abaabebc1f"
"49199a014f95e754680a7bc67316c4e8.unity",".unity","noiseTexture","73d2b3a084e798d4dacd641fad2ba16d"
"926600b55d7004b4ba4420d4ebc2aba6.unity",".unity","noiseTexture","7150b5dc30a10c9458a0956794d1a028"
"9c14a515c7cd3a341ac3b298d80a115d.unity",".unity","m_Name","0fe1552bb10d58a45945c0c88629b3a2"
"9c14a515c7cd3a341ac3b298d80a115d.unity",".unity","m_Name","22565aa5d4950d24297c77dba1f2803f"
"9c14a515c7cd3a341ac3b298d80a115d.unity",".unity","m_Name","2c46027831e9ee841931ae01ef261bbc"
"9c14a515c7cd3a341ac3b298d80a115d.unity",".unity","m_Name","8f4aae4a5b538144db09be20731d60c7"
"9c14a515c7cd3a341ac3b298d80a115d.unity",".unity","m_Name","ab0215a7e0c2894419123f0e21a0378b"
"9c14a515c7cd3a341ac3b298d80a115d.unity",".unity","m_Name","cf115270b72aa494fb3d8bee617e3891"
"Default Volumetric Clouds Preset.asset",".asset","detailNoise","4e214a83b5e508941b17ce8bb53f38d6"
"Default Volumetric Clouds Preset.asset",".asset","noise","7537cea6994d202488702cb121c82af7"
"Material/VolumetricFog2_VolumetricFog2DURP.mat",".mat","m_Texture","a0ac587a5fe4de746936e640a63ab03e"
"Material/VolumetricLights_VolumetricLightURP.mat",".mat","m_Texture","91f241211b06e4541b59b2bd6d8fda87"
"Material/VolumetricLights_VolumetricLightURP_0.mat",".mat","m_Texture","91f241211b06e4541b59b2bd6d8fda87"
"Material/VolumetricLights_VolumetricLightURP_1.mat",".mat","m_Texture","73d2b3a084e798d4dacd641fad2ba16d"
"Material/VolumetricLights_VolumetricLightURP_10.mat",".mat","m_Texture","73d2b3a084e798d4dacd641fad2ba16d"
"Material/VolumetricLights_VolumetricLightURP_11.mat",".mat","m_Texture","73d2b3a084e798d4dacd641fad2ba16d"
"Material/VolumetricLights_VolumetricLightURP_12.mat",".mat","m_Texture","7150b5dc30a10c9458a0956794d1a028"
"Material/VolumetricLights_VolumetricLightURP_13.mat",".mat","m_Texture","7150b5dc30a10c9458a0956794d1a028"
"Material/VolumetricLights_VolumetricLightURP_14.mat",".mat","m_Texture","7150b5dc30a10c9458a0956794d1a028"
"Material/VolumetricLights_VolumetricLightURP_15.mat",".mat","m_Texture","7150b5dc30a10c9458a0956794d1a028"
"Material/VolumetricLights_VolumetricLightURP_16.mat",".mat","m_Texture","7150b5dc30a10c9458a0956794d1a028"
"Material/VolumetricLights_VolumetricLightURP_17.mat",".mat","m_Texture","7150b5dc30a10c9458a0956794d1a028"
"Material/VolumetricLights_VolumetricLightURP_18.mat",".mat","m_Texture","7150b5dc30a10c9458a0956794d1a028"
"Material/VolumetricLights_VolumetricLightURP_19.mat",".mat","m_Texture","7150b5dc30a10c9458a0956794d1a028"
"Material/VolumetricLights_VolumetricLightURP_2.mat",".mat","m_Texture","73d2b3a084e798d4dacd641fad2ba16d"
"Material/VolumetricLights_VolumetricLightURP_20.mat",".mat","m_Texture","7150b5dc30a10c9458a0956794d1a028"
"Material/VolumetricLights_VolumetricLightURP_21.mat",".mat","m_Texture","7150b5dc30a10c9458a0956794d1a028"
"Material/VolumetricLights_VolumetricLightURP_22.mat",".mat","m_Texture","7150b5dc30a10c9458a0956794d1a028"
"Material/VolumetricLights_VolumetricLightURP_23.mat",".mat","m_Texture","7150b5dc30a10c9458a0956794d1a028"
"Material/VolumetricLights_VolumetricLightURP_24.mat",".mat","m_Texture","7150b5dc30a10c9458a0956794d1a028"
"Material/VolumetricLights_VolumetricLightURP_25.mat",".mat","m_Texture","7150b5dc30a10c9458a0956794d1a028"
"Material/VolumetricLights_VolumetricLightURP_26.mat",".mat","m_Texture","04523a094ea0ffb46ab877abaabebc1f"
"Material/VolumetricLights_VolumetricLightURP_27.mat",".mat","m_Texture","04523a094ea0ffb46ab877abaabebc1f"
"Material/VolumetricLights_VolumetricLightURP_3.mat",".mat","m_Texture","73d2b3a084e798d4dacd641fad2ba16d"
"Material/VolumetricLights_VolumetricLightURP_4.mat",".mat","m_Texture","73d2b3a084e798d4dacd641fad2ba16d"
"Material/VolumetricLights_VolumetricLightURP_5.mat",".mat","m_Texture","73d2b3a084e798d4dacd641fad2ba16d"
"Material/VolumetricLights_VolumetricLightURP_6.mat",".mat","m_Texture","73d2b3a084e798d4dacd641fad2ba16d"
"Material/VolumetricLights_VolumetricLightURP_7.mat",".mat","m_Texture","73d2b3a084e798d4dacd641fad2ba16d"
"Material/VolumetricLights_VolumetricLightURP_8.mat",".mat","m_Texture","73d2b3a084e798d4dacd641fad2ba16d"
"Material/VolumetricLights_VolumetricLightURP_9.mat",".mat","m_Texture","73d2b3a084e798d4dacd641fad2ba16d"
"MonoBehaviour/Busan Volumetric Fog Profile.asset",".asset","detailTexture","73dd9620c88064f4aa18b99cf0d76115"
"MonoBehaviour/Busan Volumetric Fog Profile_0.asset",".asset","detailTexture","1e72c3d16c8d136409b319ea49613cde"
"MonoBehaviour/Default Volumetric Clouds Preset.asset",".asset","detailNoise","3aa86c9c0859aac40885b5bb7491140b"
"MonoBehaviour/Default Volumetric Clouds Preset.asset",".asset","noise","289fd1aea5256a24aaff33ec52c69ecd"
"MonoBehaviour/New Volumetric Fog Profile.asset",".asset","detailTexture","a8e19d6763f31004c9a9c5e421b72638"
"MonoBehaviour/New Volumetric Light Profile 4.asset",".asset","noiseTexture","7150b5dc30a10c9458a0956794d1a028"
"MonoBehaviour/Volumetric Cloud Module.asset",".asset","detailNoise","4e214a83b5e508941b17ce8bb53f38d6"
"MonoBehaviour/Volumetric Cloud Module.asset",".asset","noise","7537cea6994d202488702cb121c82af7"
"MonoBehaviour/Volumetric Cloud Module_0.asset",".asset","detailNoise","4e214a83b5e508941b17ce8bb53f38d6"
"MonoBehaviour/Volumetric Cloud Module_0.asset",".asset","noise","7537cea6994d202488702cb121c82af7"
"MonoBehaviour/Volumetric Cloud Module_1.asset",".asset","detailNoise","4e214a83b5e508941b17ce8bb53f38d6"
"MonoBehaviour/Volumetric Cloud Module_1.asset",".asset","noise","7537cea6994d202488702cb121c82af7"
"MonoBehaviour/Volumetric Cloud Module_2.asset",".asset","detailNoise","4e214a83b5e508941b17ce8bb53f38d6"
"MonoBehaviour/Volumetric Cloud Module_2.asset",".asset","noise","7537cea6994d202488702cb121c82af7"
"MonoBehaviour/Volumetric Cloud Module_3.asset",".asset","detailNoise","4e214a83b5e508941b17ce8bb53f38d6"
"MonoBehaviour/Volumetric Cloud Module_3.asset",".asset","noise","7537cea6994d202488702cb121c82af7"
"MonoBehaviour/Volumetric Cloud Module_4.asset",".asset","detailNoise","4e214a83b5e508941b17ce8bb53f38d6"
"MonoBehaviour/Volumetric Cloud Module_4.asset",".asset","noise","7537cea6994d202488702cb121c82af7"
"MonoBehaviour/Volumetric Cloud Module_5.asset",".asset","detailNoise","4e214a83b5e508941b17ce8bb53f38d6"
"MonoBehaviour/Volumetric Cloud Module_5.asset",".asset","noise","7537cea6994d202488702cb121c82af7"
"MonoBehaviour/Volumetric Cloud Module_6.asset",".asset","detailNoise","4e214a83b5e508941b17ce8bb53f38d6"
"MonoBehaviour/Volumetric Cloud Module_6.asset",".asset","noise","7537cea6994d202488702cb121c82af7"
"MonoBehaviour/Volumetric Cloud Module_7.asset",".asset","detailNoise","4e214a83b5e508941b17ce8bb53f38d6"
"MonoBehaviour/Volumetric Cloud Module_7.asset",".asset","noise","7537cea6994d202488702cb121c82af7"
"MonoBehaviour/Volumetric Cloud Module_8.asset",".asset","detailNoise","4e214a83b5e508941b17ce8bb53f38d6"
"MonoBehaviour/Volumetric Cloud Module_8.asset",".asset","noise","7537cea6994d202488702cb121c82af7"
"MonoBehaviour/Volumetric Cloud Module_9.asset",".asset","detailNoise","3aa86c9c0859aac40885b5bb7491140b"
"MonoBehaviour/Volumetric Cloud Module_9.asset",".asset","noise","289fd1aea5256a24aaff33ec52c69ecd"
"Resources/fonts & materials/LiberationSans SDF - Fallback.asset",".asset","","eb75b7f2207f98c4ab3d971ee8955e4c"
"Resources/fonts & materials/LiberationSans SDF Material.mat",".mat","m_Texture","eb75b7f2207f98c4ab3d971ee8955e4c"
"Resources/presets/Default.asset",".asset","noiseTexture","f3b0bf166e1ddfc468838d9028224019"
